"Cgate Voltage","Cgate Int. Voltage","Cgate Current","Fgate Intg Charge","Fgate Int. Voltage","Fgate Current","Source Voltage","Source Int. Voltage","Source Current","Drain Voltage","Drain Int. Voltage","Drain Current","Substrate Voltage","Substrate Int. Voltage","Substrate Current"
0.0000000000e+00,0.0000000000e+00,0.0000000000e+00,-4.7269997020e-16,-5.4249205550e+00,-1.5986796040e-21,0.0000000000e+00,0.0000000000e+00,-2.0975273200e-18,1.0000000000e+00,1.0000000000e+00,3.3053239130e-17,0.0000000000e+00,0.0000000000e+00,-1.1177249570e-17
0.0000000000e+00,0.0000000000e+00,0.0000000000e+00,-4.7269997020e-16,-5.4249205550e+00,-1.5986796040e-21,0.0000000000e+00,0.0000000000e+00,-2.1017400650e-18,1.0000000000e+00,1.0000000000e+00,1.5283959840e-17,0.0000000000e+00,0.0000000000e+00,-1.3183587040e-17
5.0000000000e-02,5.0000000000e-02,0.0000000000e+00,-4.7269997020e-16,-5.4027701060e+00,-1.2883335520e-21,0.0000000000e+00,0.0000000000e+00,-2.1100057780e-18,1.0000000000e+00,1.0000000000e+00,1.4692090270e-17,0.0000000000e+00,0.0000000000e+00,-1.2579219510e-17
1.0000000000e-01,1.0000000000e-01,0.0000000000e+00,-4.7269997020e-16,-5.3806181560e+00,-1.0359779100e-21,0.0000000000e+00,0.0000000000e+00,-2.1206824680e-18,1.0000000000e+00,1.0000000000e+00,1.5336232390e-17,0.0000000000e+00,0.0000000000e+00,-1.3214775940e-17
1.5000000000e-01,1.5000000000e-01,0.0000000000e+00,-4.7269997020e-16,-5.3584646840e+00,-8.3121491270e-22,0.0000000000e+00,0.0000000000e+00,-2.1291901180e-18,1.0000000000e+00,1.0000000000e+00,1.5352594270e-17,0.0000000000e+00,0.0000000000e+00,-1.3226651070e-17
2.0000000000e-01,2.0000000000e-01,0.0000000000e+00,-4.7269997020e-16,-5.3363096730e+00,-6.6542921160e-22,0.0000000000e+00,0.0000000000e+00,-2.1371858910e-18,1.0000000000e+00,1.0000000000e+00,1.5371568820e-17,0.0000000000e+00,0.0000000000e+00,-1.3170895190e-17
2.5000000000e-01,2.5000000000e-01,0.0000000000e+00,-4.7269997020e-16,-5.3141531030e+00,-5.3149703500e-22,0.0000000000e+00,0.0000000000e+00,-2.1507019620e-18,1.0000000000e+00,1.0000000000e+00,1.5386537780e-17,0.0000000000e+00,0.0000000000e+00,-1.3236193770e-17
3.0000000000e-01,3.0000000000e-01,0.0000000000e+00,-4.7269997020e-16,-5.2919949540e+00,-4.2354025290e-22,0.0000000000e+00,0.0000000000e+00,-2.1579090600e-18,1.0000000000e+00,1.0000000000e+00,1.5404852490e-17,0.0000000000e+00,0.0000000000e+00,-1.3253842110e-17
3.5000000000e-01,3.5000000000e-01,0.0000000000e+00,-4.7269997020e-16,-5.2698352050e+00,-3.3671889450e-22,0.0000000000e+00,0.0000000000e+00,-2.1713206090e-18,1.0000000000e+00,1.0000000000e+00,1.5423836260e-17,0.0000000000e+00,0.0000000000e+00,-1.3254030440e-17
4.0000000000e-01,4.0000000000e-01,0.0000000000e+00,-4.7269997020e-16,-5.2476738370e+00,-2.6705639350e-22,0.0000000000e+00,0.0000000000e+00,-2.1756830420e-18,1.0000000000e+00,1.0000000000e+00,1.5438783840e-17,0.0000000000e+00,0.0000000000e+00,-1.3258731590e-17
4.5000000000e-01,4.5000000000e-01,0.0000000000e+00,-4.7269997020e-16,-5.2255108280e+00,-2.1129273700e-22,0.0000000000e+00,0.0000000000e+00,-2.1886352410e-18,1.0000000000e+00,1.0000000000e+00,1.5456325000e-17,0.0000000000e+00,0.0000000000e+00,-1.3270684930e-17
5.0000000000e-01,5.0000000000e-01,0.0000000000e+00,-4.7269997020e-16,-5.2033461590e+00,-1.6676130910e-22,0.0000000000e+00,0.0000000000e+00,-2.2035996960e-18,1.0000000000e+00,1.0000000000e+00,1.5476604260e-17,0.0000000000e+00,0.0000000000e+00,-1.3275665740e-17
5.5000000000e-01,5.5000000000e-01,0.0000000000e+00,-4.7269997020e-16,-5.1811798090e+00,-1.3128582370e-22,0.0000000000e+00,0.0000000000e+00,-2.2098181460e-18,1.0000000000e+00,1.0000000000e+00,1.5492393540e-17,0.0000000000e+00,0.0000000000e+00,-1.3280553980e-17
6.0000000000e-01,6.0000000000e-01,0.0000000000e+00,-4.7269997020e-16,-5.1590117540e+00,-1.0309425780e-22,0.0000000000e+00,0.0000000000e+00,-2.2239464700e-18,1.0000000000e+00,1.0000000000e+00,1.5513007110e-17,0.0000000000e+00,0.0000000000e+00,-1.3292942650e-17
6.5000000000e-01,6.5000000000e-01,0.0000000000e+00,-4.7269997020e-16,-5.1368419750e+00,-8.0747136890e-23,0.0000000000e+00,0.0000000000e+00,-2.2323722110e-18,1.0000000000e+00,1.0000000000e+00,1.5532566160e-17,0.0000000000e+00,0.0000000000e+00,-1.3336827970e-17
7.0000000000e-01,7.0000000000e-01,0.0000000000e+00,-4.7269997020e-16,-5.1146704490e+00,-6.3077911740e-23,0.0000000000e+00,0.0000000000e+00,-2.2476607400e-18,1.0000000000e+00,1.0000000000e+00,1.5550106610e-17,0.0000000000e+00,0.0000000000e+00,-1.3314918760e-17
7.5000000000e-01,7.5000000000e-01,0.0000000000e+00,-4.7269997020e-16,-5.0924971530e+00,-4.9143501620e-23,0.0000000000e+00,0.0000000000e+00,-2.2566316330e-18,1.0000000000e+00,1.0000000000e+00,1.5568236110e-17,0.0000000000e+00,0.0000000000e+00,-1.3314795880e-17
8.0000000000e-01,8.0000000000e-01,0.0000000000e+00,-4.7269997020e-16,-5.0703220630e+00,-3.8183363220e-23,0.0000000000e+00,0.0000000000e+00,-2.2688514280e-18,1.0000000000e+00,1.0000000000e+00,1.5587406360e-17,0.0000000000e+00,0.0000000000e+00,-1.3319403840e-17
8.5000000000e-01,8.5000000000e-01,0.0000000000e+00,-4.7269997020e-16,-5.0481451580e+00,-2.9585695890e-23,0.0000000000e+00,0.0000000000e+00,-2.2762642030e-18,1.0000000000e+00,1.0000000000e+00,1.5607740350e-17,0.0000000000e+00,0.0000000000e+00,-1.3330391940e-17
9.0000000000e-01,9.0000000000e-01,0.0000000000e+00,-4.7269997020e-16,-5.0259664110e+00,-2.2859604970e-23,0.0000000000e+00,0.0000000000e+00,-2.2888904840e-18,1.0000000000e+00,1.0000000000e+00,1.5627437400e-17,0.0000000000e+00,0.0000000000e+00,-1.3330269050e-17
9.5000000000e-01,9.5000000000e-01,0.0000000000e+00,-4.7269997020e-16,-5.0037857980e+00,-1.7612228410e-23,0.0000000000e+00,0.0000000000e+00,-2.3047087850e-18,1.0000000000e+00,1.0000000000e+00,1.5335537530e-17,0.0000000000e+00,0.0000000000e+00,-1.3029836690e-17
1.0000000000e+00,1.0000000000e+00,0.0000000000e+00,-4.7269997020e-16,-4.9816032950e+00,-1.3529988030e-23,0.0000000000e+00,0.0000000000e+00,-2.3141524770e-18,1.0000000000e+00,1.0000000000e+00,1.5661308720e-17,0.0000000000e+00,0.0000000000e+00,-1.3346612310e-17
1.0500000000e+00,1.0500000000e+00,0.0000000000e+00,-4.7269997020e-16,-4.9594188750e+00,-1.0363260240e-23,0.0000000000e+00,0.0000000000e+00,-2.3245868020e-18,1.0000000000e+00,1.0000000000e+00,1.5688292870e-17,0.0000000000e+00,0.0000000000e+00,-1.3363731670e-17
1.1000000000e+00,1.1000000000e+00,0.0000000000e+00,-4.7269997020e-16,-4.9372325110e+00,-7.9138744630e-24,0.0000000000e+00,0.0000000000e+00,-2.3399249800e-18,1.0000000000e+00,1.0000000000e+00,1.5710742930e-17,0.0000000000e+00,0.0000000000e+00,-1.3380726760e-17
1.1500000000e+00,1.1500000000e+00,0.0000000000e+00,-4.7269997020e-16,-4.9150441760e+00,-6.0249441680e-24,0.0000000000e+00,0.0000000000e+00,-2.3516553530e-18,1.0000000000e+00,1.0000000000e+00,1.5731681810e-17,0.0000000000e+00,0.0000000000e+00,-1.3346461770e-17
1.2000000000e+00,1.2000000000e+00,0.0000000000e+00,-4.7269997020e-16,-4.8928538410e+00,-4.5726171350e-24,0.0000000000e+00,0.0000000000e+00,-2.3625350910e-18,1.0000000000e+00,1.0000000000e+00,1.5752441260e-17,0.0000000000e+00,0.0000000000e+00,-1.3385492390e-17
1.2500000000e+00,1.2500000000e+00,0.0000000000e+00,-4.7269997020e-16,-4.8706614780e+00,-3.4594007370e-24,0.0000000000e+00,0.0000000000e+00,-2.3764693630e-18,1.0000000000e+00,1.0000000000e+00,1.5773083650e-17,0.0000000000e+00,0.0000000000e+00,-1.3400215450e-17
1.3000000000e+00,1.3000000000e+00,0.0000000000e+00,-4.7269997020e-16,-4.8484670580e+00,-2.6087763270e-24,0.0000000000e+00,0.0000000000e+00,-2.3937961750e-18,1.0000000000e+00,1.0000000000e+00,1.5797130850e-17,0.0000000000e+00,0.0000000000e+00,-1.3407250830e-17
1.3500000000e+00,1.3500000000e+00,0.0000000000e+00,-4.7269997020e-16,-4.8262705490e+00,-1.9608658790e-24,0.0000000000e+00,0.0000000000e+00,-2.4029819740e-18,1.0000000000e+00,1.0000000000e+00,1.5819902130e-17,0.0000000000e+00,0.0000000000e+00,-1.3412138640e-17
1.4000000000e+00,1.4000000000e+00,0.0000000000e+00,-4.7269997020e-16,-4.8040719210e+00,-1.4689551830e-24,0.0000000000e+00,0.0000000000e+00,-2.4178903050e-18,1.0000000000e+00,1.0000000000e+00,1.5842219640e-17,0.0000000000e+00,0.0000000000e+00,-1.3424278390e-17
1.4500000000e+00,1.4500000000e+00,0.0000000000e+00,-4.7269997020e-16,-4.7818711410e+00,-1.0967123590e-24,0.0000000000e+00,0.0000000000e+00,-2.4334007030e-18,1.0000000000e+00,1.0000000000e+00,1.5862597020e-17,0.0000000000e+00,0.0000000000e+00,-1.3429135340e-17
1.5000000000e+00,1.5000000000e+00,0.0000000000e+00,-4.7269997020e-16,-4.7596681780e+00,-8.1596917900e-25,0.0000000000e+00,0.0000000000e+00,-2.4472175200e-18,1.0000000000e+00,1.0000000000e+00,1.5889655330e-17,0.0000000000e+00,0.0000000000e+00,-1.3440154720e-17
1.5500000000e+00,1.5500000000e+00,0.0000000000e+00,-4.7269997020e-16,-4.7374629960e+00,-6.0495662010e-25,0.0000000000e+00,0.0000000000e+00,-2.4639535470e-18,1.0000000000e+00,1.0000000000e+00,1.5914044480e-17,0.0000000000e+00,0.0000000000e+00,-1.3451142990e-17
1.6000000000e+00,1.6000000000e+00,0.0000000000e+00,-4.7269997020e-16,-4.7152555630e+00,-4.4690595100e-25,0.0000000000e+00,0.0000000000e+00,-2.4789677770e-18,1.0000000000e+00,1.0000000000e+00,1.5938932430e-17,0.0000000000e+00,0.0000000000e+00,-1.3458925560e-17
1.6500000000e+00,1.6500000000e+00,0.0000000000e+00,-4.7269997020e-16,-4.6930458430e+00,-3.2894306700e-25,0.0000000000e+00,0.0000000000e+00,-2.4936481510e-18,1.0000000000e+00,1.0000000000e+00,1.5962352930e-17,0.0000000000e+00,0.0000000000e+00,-1.3473090330e-17
1.7000000000e+00,1.7000000000e+00,0.0000000000e+00,-4.7269997020e-16,-4.6708338010e+00,-2.4121737510e-25,0.0000000000e+00,0.0000000000e+00,-2.5093133280e-18,1.0000000000e+00,1.0000000000e+00,1.5986086380e-17,0.0000000000e+00,0.0000000000e+00,-1.3477789810e-17
1.7500000000e+00,1.7500000000e+00,0.0000000000e+00,-4.7269997020e-16,-4.6486194000e+00,-1.7621769040e-25,0.0000000000e+00,0.0000000000e+00,-2.5238002490e-18,1.0000000000e+00,1.0000000000e+00,1.6012046690e-17,0.0000000000e+00,0.0000000000e+00,-1.3490023050e-17
1.8000000000e+00,1.8000000000e+00,0.0000000000e+00,-4.7269997020e-16,-4.6264026040e+00,-1.2823676330e-25,0.0000000000e+00,0.0000000000e+00,-2.5380111760e-18,1.0000000000e+00,1.0000000000e+00,1.6037280520e-17,0.0000000000e+00,0.0000000000e+00,-1.3495005350e-17
1.8500000000e+00,1.8500000000e+00,0.0000000000e+00,-4.7269997020e-16,-4.6041833750e+00,-9.2953551910e-26,0.0000000000e+00,0.0000000000e+00,-2.5571784090e-18,1.0000000000e+00,1.0000000000e+00,1.6057592120e-17,0.0000000000e+00,0.0000000000e+00,-1.3499674970e-17
1.9000000000e+00,1.9000000000e+00,0.0000000000e+00,-4.7269997020e-16,-4.5819616740e+00,-6.7108463390e-26,0.0000000000e+00,0.0000000000e+00,-2.5753108370e-18,1.0000000000e+00,1.0000000000e+00,1.6087864460e-17,0.0000000000e+00,0.0000000000e+00,-1.3516918950e-17
1.9500000000e+00,1.9500000000e+00,0.0000000000e+00,-4.7269997020e-16,-4.5597374640e+00,-4.8251752720e-26,0.0000000000e+00,0.0000000000e+00,-2.5850025490e-18,1.0000000000e+00,1.0000000000e+00,1.6114882100e-17,0.0000000000e+00,0.0000000000e+00,-1.3524701600e-17
2.0000000000e+00,2.0000000000e+00,0.0000000000e+00,-4.7269997020e-16,-4.5375107060e+00,-3.4549292220e-26,0.0000000000e+00,0.0000000000e+00,-2.6028103430e-18,1.0000000000e+00,1.0000000000e+00,1.6142303560e-17,0.0000000000e+00,0.0000000000e+00,-1.3533699940e-17
2.0500000000e+00,2.0500000000e+00,0.0000000000e+00,-4.7269997020e-16,-4.5152813590e+00,-2.4633173110e-26,0.0000000000e+00,0.0000000000e+00,-2.6211238400e-18,1.0000000000e+00,1.0000000000e+00,1.6168193300e-17,0.0000000000e+00,0.0000000000e+00,-1.3543441710e-17
2.1000000000e+00,2.1000000000e+00,0.0000000000e+00,-4.7269997020e-16,-4.4930493840e+00,-1.7487215720e-26,0.0000000000e+00,0.0000000000e+00,-2.6400287610e-18,1.0000000000e+00,1.0000000000e+00,1.6194030910e-17,0.0000000000e+00,0.0000000000e+00,-1.3626576910e-17
2.1500000000e+00,2.1500000000e+00,0.0000000000e+00,-4.7269997020e-16,-4.4708147410e+00,-1.2359562420e-26,0.0000000000e+00,0.0000000000e+00,-2.6576300900e-18,1.0000000000e+00,1.0000000000e+00,1.6225349570e-17,0.0000000000e+00,0.0000000000e+00,-1.3565202220e-17
2.2000000000e+00,2.2000000000e+00,0.0000000000e+00,-4.7269997020e-16,-4.4485773870e+00,-8.6962031580e-27,0.0000000000e+00,0.0000000000e+00,-2.6752719910e-18,1.0000000000e+00,1.0000000000e+00,1.6252739380e-17,0.0000000000e+00,0.0000000000e+00,-1.3577495870e-17
2.2500000000e+00,2.2500000000e+00,0.0000000000e+00,-4.7269997020e-16,-4.4263372830e+00,-6.0906190390e-27,0.0000000000e+00,0.0000000000e+00,-2.6975321030e-18,1.0000000000e+00,1.0000000000e+00,1.6280769280e-17,0.0000000000e+00,0.0000000000e+00,-1.3582384090e-17
2.3000000000e+00,2.3000000000e+00,0.0000000000e+00,-4.7269997020e-16,-4.4040943860e+00,-4.2457884200e-27,0.0000000000e+00,0.0000000000e+00,-2.7127299610e-18,1.0000000000e+00,1.0000000000e+00,1.6309674550e-17,0.0000000000e+00,0.0000000000e+00,-1.3593559230e-17
2.3500000000e+00,2.3500000000e+00,0.0000000000e+00,-4.7269997020e-16,-4.3818486530e+00,-2.9456375660e-27,0.0000000000e+00,0.0000000000e+00,-2.7343854560e-18,1.0000000000e+00,1.0000000000e+00,1.6339267410e-17,0.0000000000e+00,0.0000000000e+00,-1.3604703240e-17
2.4000000000e+00,2.4000000000e+00,0.0000000000e+00,-4.7269997020e-16,-4.3596000420e+00,-2.0336775600e-27,0.0000000000e+00,0.0000000000e+00,-2.7557232300e-18,1.0000000000e+00,1.0000000000e+00,1.6371586680e-17,0.0000000000e+00,0.0000000000e+00,-1.3621854070e-17
2.4500000000e+00,2.4500000000e+00,0.0000000000e+00,-4.7269997020e-16,-4.3373485080e+00,-1.3970866020e-27,0.0000000000e+00,0.0000000000e+00,-2.7704249680e-18,1.0000000000e+00,1.0000000000e+00,1.6401106120e-17,0.0000000000e+00,0.0000000000e+00,-1.3626399970e-17
2.5000000000e+00,2.5000000000e+00,0.0000000000e+00,-4.7269997020e-16,-4.3150940080e+00,-9.5490116630e-28,0.0000000000e+00,0.0000000000e+00,-2.7942117000e-18,1.0000000000e+00,1.0000000000e+00,1.6431895070e-17,0.0000000000e+00,0.0000000000e+00,-1.3637264340e-17
2.5500000000e+00,2.5500000000e+00,0.0000000000e+00,-4.7269997020e-16,-4.2928364960e+00,-6.4929426170e-28,0.0000000000e+00,0.0000000000e+00,-2.8141765750e-18,1.0000000000e+00,1.0000000000e+00,1.6464991170e-17,0.0000000000e+00,0.0000000000e+00,-1.3648127830e-17
2.6000000000e+00,2.6000000000e+00,0.0000000000e+00,-4.7269997020e-16,-4.2705759250e+00,-4.3916290170e-28,0.0000000000e+00,0.0000000000e+00,-2.8405171740e-18,1.0000000000e+00,1.0000000000e+00,1.6494823550e-17,0.0000000000e+00,0.0000000000e+00,-1.3659240770e-17
2.6500000000e+00,2.6500000000e+00,0.0000000000e+00,-4.7269997020e-16,-4.2483122490e+00,-2.9543519530e-28,0.0000000000e+00,0.0000000000e+00,-2.8560597690e-18,1.0000000000e+00,1.0000000000e+00,1.6529797770e-17,0.0000000000e+00,0.0000000000e+00,-1.3818937540e-17
2.7000000000e+00,2.7000000000e+00,0.0000000000e+00,-4.7269997020e-16,-4.2260454170e+00,-1.9765213020e-28,0.0000000000e+00,0.0000000000e+00,-1.5756167770e-15,1.0000000000e+00,1.0000000000e+00,1.6061479090e-17,0.0000000000e+00,0.0000000000e+00,-1.3402717690e-17
2.7500000000e+00,2.7500000000e+00,0.0000000000e+00,-4.7269997020e-16,-4.2037753840e+00,-1.3148984880e-28,0.0000000000e+00,0.0000000000e+00,-2.9059479100e-18,1.0000000000e+00,1.0000000000e+00,1.6593158220e-17,0.0000000000e+00,0.0000000000e+00,-1.3687537040e-17
2.8000000000e+00,2.8000000000e+00,0.0000000000e+00,-4.7269997020e-16,-4.1815020930e+00,-8.6972441440e-29,0.0000000000e+00,0.0000000000e+00,-2.9292228430e-18,1.0000000000e+00,1.0000000000e+00,1.6628862980e-17,0.0000000000e+00,0.0000000000e+00,-1.3697063230e-17
2.8500000000e+00,2.8500000000e+00,0.0000000000e+00,-4.7269997020e-16,-4.1592254940e+00,-5.7189400520e-29,0.0000000000e+00,0.0000000000e+00,-2.9506436680e-18,1.0000000000e+00,1.0000000000e+00,1.6633341720e-17,0.0000000000e+00,0.0000000000e+00,-1.3446498660e-17
2.9000000000e+00,2.9000000000e+00,0.0000000000e+00,-4.7269997020e-16,-4.1369455320e+00,-3.7379890240e-29,0.0000000000e+00,0.0000000000e+00,-2.9759386480e-18,1.0000000000e+00,1.0000000000e+00,1.6700437640e-17,0.0000000000e+00,0.0000000000e+00,-1.3735815850e-17
2.9500000000e+00,2.9500000000e+00,0.0000000000e+00,-4.7269997020e-16,-4.1146621500e+00,-2.4282397680e-29,0.0000000000e+00,0.0000000000e+00,-3.0014531420e-18,1.0000000000e+00,1.0000000000e+00,1.6734769530e-17,0.0000000000e+00,0.0000000000e+00,-1.3735849060e-17
3.0000000000e+00,3.0000000000e+00,0.0000000000e+00,-4.7269997020e-16,-4.0923752880e+00,-1.5675339200e-29,0.0000000000e+00,0.0000000000e+00,-3.0237012590e-18,1.0000000000e+00,1.0000000000e+00,1.6771587610e-17,0.0000000000e+00,0.0000000000e+00,-1.3747148810e-17
3.0500000000e+00,3.0500000000e+00,0.0000000000e+00,-4.7269997020e-16,-4.0700848850e+00,-1.0054330130e-29,0.0000000000e+00,0.0000000000e+00,-3.0507952350e-18,1.0000000000e+00,1.0000000000e+00,1.6808745730e-17,0.0000000000e+00,0.0000000000e+00,-1.3758012710e-17
3.1000000000e+00,3.1000000000e+00,0.0000000000e+00,-4.7269997020e-16,-4.0477908790e+00,-6.4067425710e-30,0.0000000000e+00,0.0000000000e+00,-3.0752919900e-18,1.0000000000e+00,1.0000000000e+00,1.6845886320e-17,0.0000000000e+00,0.0000000000e+00,-1.3757703460e-17
3.1500000000e+00,3.1500000000e+00,0.0000000000e+00,-4.7269997020e-16,-4.0254932030e+00,-4.0551278080e-30,0.0000000000e+00,0.0000000000e+00,-3.1012804280e-18,1.0000000000e+00,1.0000000000e+00,1.6885059790e-17,0.0000000000e+00,0.0000000000e+00,-1.3779771940e-17
3.2000000000e+00,3.2000000000e+00,0.0000000000e+00,-4.7269997020e-16,-4.0031917880e+00,-2.5491075550e-30,0.0000000000e+00,0.0000000000e+00,-3.1319140170e-18,1.0000000000e+00,1.0000000000e+00,1.6924025390e-17,0.0000000000e+00,0.0000000000e+00,-1.3796891940e-17
3.2500000000e+00,3.2500000000e+00,0.0000000000e+00,-4.7269997020e-16,-3.9808865640e+00,-1.5911797280e-30,0.0000000000e+00,0.0000000000e+00,-3.1604829340e-18,1.0000000000e+00,1.0000000000e+00,1.6966148830e-17,0.0000000000e+00,0.0000000000e+00,-1.3801500240e-17
3.3000000000e+00,3.3000000000e+00,0.0000000000e+00,-4.7269997020e-16,-3.9585774560e+00,-9.8611312820e-31,0.0000000000e+00,0.0000000000e+00,-3.1858761660e-18,1.0000000000e+00,1.0000000000e+00,1.7007720120e-17,0.0000000000e+00,0.0000000000e+00,-1.3823350690e-17
3.3500000000e+00,3.3500000000e+00,0.0000000000e+00,-4.7269997020e-16,-3.9362643880e+00,-6.0664886440e-31,0.0000000000e+00,0.0000000000e+00,-2.3708126960e-18,1.0000000000e+00,1.0000000000e+00,1.5506309620e-17,0.0000000000e+00,0.0000000000e+00,-1.3867783390e-17
3.4000000000e+00,3.4000000000e+00,0.0000000000e+00,-4.7269997020e-16,-3.9139472800e+00,-3.7040391310e-31,0.0000000000e+00,0.0000000000e+00,-3.2448347380e-18,1.0000000000e+00,1.0000000000e+00,1.7093158790e-17,0.0000000000e+00,0.0000000000e+00,-1.3928458420e-17
3.4500000000e+00,3.4500000000e+00,0.0000000000e+00,-4.7269997020e-16,-3.8916260510e+00,-2.2442086330e-31,0.0000000000e+00,0.0000000000e+00,-3.2742787160e-18,1.0000000000e+00,1.0000000000e+00,1.7135435540e-17,0.0000000000e+00,0.0000000000e+00,-1.3862572900e-17
3.5000000000e+00,3.5000000000e+00,0.0000000000e+00,-4.7269997020e-16,-3.8693006150e+00,-1.3490244130e-31,0.0000000000e+00,0.0000000000e+00,-3.3075333140e-18,1.0000000000e+00,1.0000000000e+00,1.7179169430e-17,0.0000000000e+00,0.0000000000e+00,-1.3867273960e-17
3.5500000000e+00,3.5500000000e+00,0.0000000000e+00,-4.7269997020e-16,-3.8469708860e+00,-8.0438157420e-32,0.0000000000e+00,0.0000000000e+00,-3.3395607840e-18,1.0000000000e+00,1.0000000000e+00,1.7215891310e-17,0.0000000000e+00,0.0000000000e+00,-1.3774901850e-17
3.6000000000e+00,3.6000000000e+00,0.0000000000e+00,-4.7269997020e-16,-3.8246367740e+00,-4.7566830270e-32,0.0000000000e+00,0.0000000000e+00,-3.3754172190e-18,1.0000000000e+00,1.0000000000e+00,1.7256597170e-17,0.0000000000e+00,0.0000000000e+00,-1.3884395980e-17
3.6500000000e+00,3.6500000000e+00,0.0000000000e+00,-4.7269997020e-16,-3.8022981860e+00,-2.7890566500e-32,0.0000000000e+00,0.0000000000e+00,-3.4068888290e-18,1.0000000000e+00,1.0000000000e+00,1.7302325500e-17,0.0000000000e+00,0.0000000000e+00,-1.3906340060e-17
3.7000000000e+00,3.7000000000e+00,0.0000000000e+00,-4.7269997020e-16,-3.7799550280e+00,-1.6211744430e-32,0.0000000000e+00,0.0000000000e+00,-3.4377220300e-18,1.0000000000e+00,1.0000000000e+00,1.7350775360e-17,0.0000000000e+00,0.0000000000e+00,-1.3910886180e-17
3.7500000000e+00,3.7500000000e+00,0.0000000000e+00,-4.7269997020e-16,-3.7576072030e+00,-9.3395646800e-33,0.0000000000e+00,0.0000000000e+00,-3.4756634050e-18,1.0000000000e+00,1.0000000000e+00,1.7410635120e-17,0.0000000000e+00,0.0000000000e+00,-1.3932986030e-17
3.8000000000e+00,3.8000000000e+00,0.0000000000e+00,-4.7269997020e-16,-3.7352546120e+00,-5.3315067120e-33,0.0000000000e+00,0.0000000000e+00,-3.5101287460e-18,1.0000000000e+00,1.0000000000e+00,1.7448615480e-17,0.0000000000e+00,0.0000000000e+00,-1.3928070530e-17
3.8500000000e+00,3.8500000000e+00,0.0000000000e+00,-4.7269997020e-16,-3.7128971550e+00,-3.0150765830e-33,0.0000000000e+00,0.0000000000e+00,-3.5457888600e-18,1.0000000000e+00,1.0000000000e+00,1.7501728160e-17,0.0000000000e+00,0.0000000000e+00,-1.3977496620e-17
3.9000000000e+00,3.9000000000e+00,0.0000000000e+00,-4.7269997020e-16,-3.6905347300e+00,-1.6887560820e-33,0.0000000000e+00,0.0000000000e+00,-3.5854529070e-18,1.0000000000e+00,1.0000000000e+00,1.7554857420e-17,0.0000000000e+00,0.0000000000e+00,-1.3972425660e-17
3.9500000000e+00,3.9500000000e+00,0.0000000000e+00,-4.7269997020e-16,-3.6681672320e+00,-9.3658497130e-34,0.0000000000e+00,0.0000000000e+00,-3.6297810000e-18,1.0000000000e+00,1.0000000000e+00,1.7607578710e-17,0.0000000000e+00,0.0000000000e+00,-1.3982200530e-17
4.0000000000e+00,4.0000000000e+00,0.0000000000e+00,-4.7269997020e-16,-3.6457945550e+00,-5.1419377430e-34,0.0000000000e+00,0.0000000000e+00,-3.6639877340e-18,1.0000000000e+00,1.0000000000e+00,1.7662071540e-17,0.0000000000e+00,0.0000000000e+00,-1.3999227260e-17
4.0500000000e+00,4.0500000000e+00,0.0000000000e+00,-4.7269997020e-16,-3.6234165920e+00,-2.7937628590e-34,0.0000000000e+00,0.0000000000e+00,-3.7004972830e-18,1.0000000000e+00,1.0000000000e+00,1.7718018990e-17,0.0000000000e+00,0.0000000000e+00,-1.4016129530e-17
4.1000000000e+00,4.1000000000e+00,0.0000000000e+00,-4.7269997020e-16,-3.6010332340e+00,-1.5018098370e-34,0.0000000000e+00,0.0000000000e+00,-3.7474117900e-18,1.0000000000e+00,1.0000000000e+00,1.7774347410e-17,0.0000000000e+00,0.0000000000e+00,-1.4028643280e-17
4.1500000000e+00,4.1500000000e+00,0.0000000000e+00,-4.7269997020e-16,-3.5786443710e+00,-7.9850618850e-35,0.0000000000e+00,0.0000000000e+00,-3.7889090420e-18,1.0000000000e+00,1.0000000000e+00,1.7833567460e-17,0.0000000000e+00,0.0000000000e+00,-1.4042837750e-17
4.2000000000e+00,4.2000000000e+00,0.0000000000e+00,-4.7269997020e-16,-3.5562498890e+00,-4.1980759920e-35,0.0000000000e+00,0.0000000000e+00,-3.8332284770e-18,1.0000000000e+00,1.0000000000e+00,1.7892602910e-17,0.0000000000e+00,0.0000000000e+00,-1.4059989020e-17
4.2500000000e+00,4.2500000000e+00,0.0000000000e+00,-4.7269997020e-16,-3.5338496740e+00,-2.1817097430e-35,0.0000000000e+00,0.0000000000e+00,-3.8786293630e-18,1.0000000000e+00,1.0000000000e+00,1.7953023960e-17,0.0000000000e+00,0.0000000000e+00,-1.4075554050e-17
4.3000000000e+00,4.3000000000e+00,0.0000000000e+00,-4.7269997020e-16,-3.5114436100e+00,-1.1204161390e-35,0.0000000000e+00,0.0000000000e+00,-3.9240282500e-18,1.0000000000e+00,1.0000000000e+00,1.8015074770e-17,0.0000000000e+00,0.0000000000e+00,-1.4091117830e-17
4.3500000000e+00,4.3500000000e+00,0.0000000000e+00,-4.7269997020e-16,-3.4890315780e+00,-5.6839899830e-36,0.0000000000e+00,0.0000000000e+00,-3.9680512350e-18,1.0000000000e+00,1.0000000000e+00,1.8081192200e-17,0.0000000000e+00,0.0000000000e+00,-1.4108330450e-17
4.4000000000e+00,4.4000000000e+00,0.0000000000e+00,-4.7269997020e-16,-3.4666134540e+00,-2.8475360510e-36,0.0000000000e+00,0.0000000000e+00,-4.0190270130e-18,1.0000000000e+00,1.0000000000e+00,1.8144776160e-17,0.0000000000e+00,0.0000000000e+00,-1.4125481820e-17
4.4500000000e+00,4.4500000000e+00,0.0000000000e+00,-4.7269997020e-16,-3.4441891140e+00,-1.4082243540e-36,0.0000000000e+00,0.0000000000e+00,-4.0727043740e-18,1.0000000000e+00,1.0000000000e+00,1.8213165140e-17,0.0000000000e+00,0.0000000000e+00,-1.4135350190e-17
4.5000000000e+00,4.5000000000e+00,0.0000000000e+00,-4.7269997020e-16,-3.4217584280e+00,-6.8722649250e-37,0.0000000000e+00,0.0000000000e+00,-4.1260131100e-18,1.0000000000e+00,1.0000000000e+00,1.8278678650e-17,0.0000000000e+00,0.0000000000e+00,-1.4157294540e-17
4.5500000000e+00,4.5500000000e+00,0.0000000000e+00,-4.7269997020e-16,-3.3993212620e+00,-3.3081546840e-37,0.0000000000e+00,0.0000000000e+00,-4.1764086380e-18,1.0000000000e+00,1.0000000000e+00,1.8349050010e-17,0.0000000000e+00,0.0000000000e+00,-1.4191470360e-17
4.6000000000e+00,4.6000000000e+00,0.0000000000e+00,-4.7269997020e-16,-3.3768774770e+00,-1.5702017230e-37,0.0000000000e+00,0.0000000000e+00,-4.2293339050e-18,1.0000000000e+00,1.0000000000e+00,1.8421730890e-17,0.0000000000e+00,0.0000000000e+00,-1.4185030330e-17
4.6500000000e+00,4.6500000000e+00,0.0000000000e+00,-4.7269997020e-16,-3.3544269290e+00,-7.3456078310e-38,0.0000000000e+00,0.0000000000e+00,-4.2845298530e-18,1.0000000000e+00,1.0000000000e+00,1.8497738330e-17,0.0000000000e+00,0.0000000000e+00,-1.4207036830e-17
4.7000000000e+00,4.7000000000e+00,0.0000000000e+00,-4.7269997020e-16,-3.3319694670e+00,2.2266309560e-34,0.0000000000e+00,0.0000000000e+00,-4.3489474630e-18,1.0000000000e+00,1.0000000000e+00,1.8571233660e-17,0.0000000000e+00,0.0000000000e+00,-1.4229168030e-17
4.7500000000e+00,4.7500000000e+00,0.0000000000e+00,-4.7269997020e-16,-3.3095049340e+00,1.0901308320e-33,0.0000000000e+00,0.0000000000e+00,-4.4023988340e-18,1.0000000000e+00,1.0000000000e+00,1.8648535450e-17,0.0000000000e+00,0.0000000000e+00,-1.4257181450e-17
4.8000000000e+00,4.8000000000e+00,0.0000000000e+00,-4.7269997020e-16,-3.2870331630e+00,1.0522424690e-29,0.0000000000e+00,0.0000000000e+00,-4.4655366590e-18,1.0000000000e+00,1.0000000000e+00,1.8730089950e-17,0.0000000000e+00,0.0000000000e+00,-1.4257215080e-17
4.8500000000e+00,4.8500000000e+00,0.0000000000e+00,-4.7269997020e-16,-3.2645539820e+00,7.2567864880e-29,0.0000000000e+00,0.0000000000e+00,-4.5267576070e-18,1.0000000000e+00,1.0000000000e+00,1.8809340870e-17,0.0000000000e+00,0.0000000000e+00,-1.4283734640e-17
4.9000000000e+00,4.9000000000e+00,0.0000000000e+00,-4.7269997020e-16,-3.2420672090e+00,1.4322020710e-28,0.0000000000e+00,0.0000000000e+00,-4.5934878800e-18,1.0000000000e+00,1.0000000000e+00,1.8895763440e-17,0.0000000000e+00,0.0000000000e+00,-1.4300792750e-17
4.9500000000e+00,4.9500000000e+00,0.0000000000e+00,-4.7269997020e-16,-3.2195726520e+00,2.0994670080e-28,0.0000000000e+00,0.0000000000e+00,-4.6620518140e-18,1.0000000000e+00,1.0000000000e+00,1.8982304230e-17,0.0000000000e+00,0.0000000000e+00,-1.4305526030e-17
5.0000000000e+00,5.0000000000e+00,0.0000000000e+00,-4.7269997020e-16,-3.1970701110e+00,2.7213900520e-28,0.0000000000e+00,0.0000000000e+00,-4.7315374490e-18,1.0000000000e+00,1.0000000000e+00,1.9068876780e-17,0.0000000000e+00,0.0000000000e+00,-1.4366530630e-17
5.0500000000e+00,5.0500000000e+00,0.0000000000e+00,-4.7269997020e-16,-3.1745593730e+00,3.3093762140e-28,0.0000000000e+00,0.0000000000e+00,-4.8021172490e-18,1.0000000000e+00,1.0000000000e+00,1.9161491750e-17,0.0000000000e+00,0.0000000000e+00,-1.4338584160e-17
5.1000000000e+00,5.1000000000e+00,0.0000000000e+00,-4.7269997020e-16,-3.1520402170e+00,3.8769890920e-28,0.0000000000e+00,0.0000000000e+00,-4.8735691080e-18,1.0000000000e+00,1.0000000000e+00,1.9253661940e-17,0.0000000000e+00,0.0000000000e+00,-1.4376277150e-17
5.1500000000e+00,5.1500000000e+00,0.0000000000e+00,-4.7269997020e-16,-3.1295124090e+00,4.4366630950e-28,0.0000000000e+00,0.0000000000e+00,-4.9472894870e-18,1.0000000000e+00,1.0000000000e+00,1.9348052200e-17,0.0000000000e+00,0.0000000000e+00,-1.4639521350e-17
5.2000000000e+00,5.2000000000e+00,0.0000000000e+00,-4.7269997020e-16,-3.1069757030e+00,5.0164821190e-28,0.0000000000e+00,0.0000000000e+00,-5.0290547280e-18,1.0000000000e+00,1.0000000000e+00,1.9448462580e-17,0.0000000000e+00,0.0000000000e+00,-1.4398379990e-17
5.2500000000e+00,5.2500000000e+00,0.0000000000e+00,-4.7269997020e-16,-3.0844298430e+00,5.5903569580e-28,0.0000000000e+00,0.0000000000e+00,-5.1111423420e-18,1.0000000000e+00,1.0000000000e+00,1.9548255460e-17,0.0000000000e+00,0.0000000000e+00,-1.4432244880e-17
5.3000000000e+00,5.3000000000e+00,0.0000000000e+00,-4.7269997020e-16,-3.0618745580e+00,6.1856505740e-28,0.0000000000e+00,0.0000000000e+00,-5.1955140670e-18,1.0000000000e+00,1.0000000000e+00,1.9653315870e-17,0.0000000000e+00,0.0000000000e+00,-1.4152261660e-17
5.3500000000e+00,5.3500000000e+00,0.0000000000e+00,-4.7269997020e-16,-3.0393095670e+00,6.8006273460e-28,0.0000000000e+00,0.0000000000e+00,-5.2848178220e-18,1.0000000000e+00,1.0000000000e+00,1.9764763990e-17,0.0000000000e+00,0.0000000000e+00,-1.4481269620e-17
5.4000000000e+00,5.4000000000e+00,0.0000000000e+00,-4.7269997020e-16,-3.0167345750e+00,7.4467348430e-28,0.0000000000e+00,0.0000000000e+00,-5.3708155920e-18,1.0000000000e+00,1.0000000000e+00,1.9876322260e-17,0.0000000000e+00,0.0000000000e+00,-1.4551953570e-17
5.4500000000e+00,5.4500000000e+00,0.0000000000e+00,-4.7269997020e-16,-2.9941492730e+00,8.1183959300e-28,0.0000000000e+00,0.0000000000e+00,-5.4658046830e-18,1.0000000000e+00,1.0000000000e+00,1.9993891660e-17,0.0000000000e+00,0.0000000000e+00,-1.4525065860e-17
5.5000000000e+00,5.5000000000e+00,0.0000000000e+00,-4.7269997020e-16,-2.9715533400e+00,8.8350600850e-28,0.0000000000e+00,0.0000000000e+00,-5.5633782160e-18,1.0000000000e+00,1.0000000000e+00,2.0112659340e-17,0.0000000000e+00,0.0000000000e+00,-1.4546823810e-17
5.5500000000e+00,5.5500000000e+00,0.0000000000e+00,-4.7269997020e-16,-2.9489464410e+00,9.5857443350e-28,0.0000000000e+00,0.0000000000e+00,-5.6640068010e-18,1.0000000000e+00,1.0000000000e+00,2.0236054730e-17,0.0000000000e+00,0.0000000000e+00,-1.4554389640e-17
5.6000000000e+00,5.6000000000e+00,0.0000000000e+00,-4.7269997020e-16,-2.9263282270e+00,1.0377261230e-27,0.0000000000e+00,0.0000000000e+00,-5.7645726610e-18,1.0000000000e+00,1.0000000000e+00,2.0364604230e-17,0.0000000000e+00,0.0000000000e+00,-1.4739234310e-17
5.6500000000e+00,5.6500000000e+00,0.0000000000e+00,-4.7269997020e-16,-2.9036983330e+00,1.1211313490e-27,0.0000000000e+00,0.0000000000e+00,-5.8774873160e-18,1.0000000000e+00,1.0000000000e+00,2.0492707390e-17,0.0000000000e+00,0.0000000000e+00,-1.4612253850e-17
5.7000000000e+00,5.7000000000e+00,0.0000000000e+00,-4.7269997020e-16,-2.8810563840e+00,1.2089543660e-27,0.0000000000e+00,0.0000000000e+00,-5.9876752020e-18,1.0000000000e+00,1.0000000000e+00,2.0630217350e-17,0.0000000000e+00,0.0000000000e+00,-1.4573072500e-17
5.7500000000e+00,5.7500000000e+00,0.0000000000e+00,-4.7269997020e-16,-2.8584019870e+00,1.3031649440e-27,0.0000000000e+00,0.0000000000e+00,-6.1006085020e-18,1.0000000000e+00,1.0000000000e+00,2.0774797920e-17,0.0000000000e+00,0.0000000000e+00,-6.4284600580e-18
5.8000000000e+00,5.8000000000e+00,0.0000000000e+00,-4.7269997020e-16,-2.8357347330e+00,1.5360302730e-27,0.0000000000e+00,0.0000000000e+00,-6.2271690420e-18,1.0000000000e+00,1.0000000000e+00,2.0921348320e-17,0.0000000000e+00,0.0000000000e+00,-1.4673824990e-17
5.8250000000e+00,5.8250000000e+00,0.0000000000e+00,-4.7269997020e-16,-2.8243961540e+00,1.6849104480e-27,0.0000000000e+00,0.0000000000e+00,-6.2857490320e-18,1.0000000000e+00,1.0000000000e+00,2.1040735090e-17,0.0000000000e+00,0.0000000000e+00,-1.4754934080e-17
5.8500000000e+00,5.8500000000e+00,0.0000000000e+00,-4.7269997020e-16,-2.8130542000e+00,1.8356868870e-27,0.0000000000e+00,0.0000000000e+00,-6.3507061770e-18,1.0000000000e+00,1.0000000000e+00,2.1119959980e-17,0.0000000000e+00,0.0000000000e+00,-1.4770123860e-17
5.9000000000e+00,5.9000000000e+00,0.0000000000e+00,-4.7269997020e-16,-2.7903599480e+00,2.0845428970e-27,0.0000000000e+00,0.0000000000e+00,-6.4816501640e-18,1.0000000000e+00,1.0000000000e+00,2.1067170730e-17,0.0000000000e+00,0.0000000000e+00,-1.4585580960e-17
5.9500000000e+00,5.9500000000e+00,0.0000000000e+00,-4.7269997020e-16,-2.7676515190e+00,2.4304132690e-27,0.0000000000e+00,0.0000000000e+00,-6.6161159990e-18,1.0000000000e+00,1.0000000000e+00,2.1392440700e-17,0.0000000000e+00,0.0000000000e+00,-1.4760762130e-17
6.0000000000e+00,6.0000000000e+00,0.0000000000e+00,-4.7269997020e-16,-2.7449284370e+00,2.7344062830e-27,0.0000000000e+00,0.0000000000e+00,-6.7554676180e-18,1.0000000000e+00,1.0000000000e+00,2.1557874350e-17,0.0000000000e+00,0.0000000000e+00,-1.4820646800e-17
6.0500000000e+00,6.0500000000e+00,0.0000000000e+00,-4.7269997020e-16,-2.7221902050e+00,3.0416418570e-27,0.0000000000e+00,0.0000000000e+00,-6.9103045770e-18,1.0000000000e+00,1.0000000000e+00,2.1730693000e-17,0.0000000000e+00,0.0000000000e+00,-1.4820618990e-17
6.1000000000e+00,6.1000000000e+00,0.0000000000e+00,-4.7269997020e-16,-2.6994363060e+00,3.3530117250e-27,0.0000000000e+00,0.0000000000e+00,-7.0603018810e-18,1.0000000000e+00,1.0000000000e+00,2.1911674040e-17,0.0000000000e+00,0.0000000000e+00,-1.4853488750e-17
6.1500000000e+00,6.1500000000e+00,0.0000000000e+00,-4.7269997020e-16,-2.6766661970e+00,3.6676126090e-27,0.0000000000e+00,0.0000000000e+00,-7.2251727430e-18,1.0000000000e+00,1.0000000000e+00,2.2099713860e-17,0.0000000000e+00,0.0000000000e+00,-1.4875652070e-17
6.2000000000e+00,6.2000000000e+00,0.0000000000e+00,-4.7269997020e-16,-2.6538793090e+00,3.9893303600e-27,0.0000000000e+00,0.0000000000e+00,-7.3919055360e-18,1.0000000000e+00,1.0000000000e+00,2.2294068390e-17,0.0000000000e+00,0.0000000000e+00,-1.4820971840e-17
6.2500000000e+00,6.2500000000e+00,0.0000000000e+00,-4.7269997020e-16,-2.6310750440e+00,4.3182598340e-27,0.0000000000e+00,0.0000000000e+00,-7.5703337220e-18,1.0000000000e+00,1.0000000000e+00,2.2496050130e-17,0.0000000000e+00,0.0000000000e+00,-1.7171413240e-17
6.3000000000e+00,6.3000000000e+00,0.0000000000e+00,-4.7269997020e-16,-2.6082527710e+00,4.6575655790e-27,0.0000000000e+00,0.0000000000e+00,-7.7536663860e-18,1.0000000000e+00,1.0000000000e+00,2.2706941760e-17,0.0000000000e+00,0.0000000000e+00,-1.4958264390e-17
6.3500000000e+00,6.3500000000e+00,0.0000000000e+00,-4.7269997020e-16,-2.5854118220e+00,5.0081425520e-27,0.0000000000e+00,0.0000000000e+00,-7.9493875240e-18,1.0000000000e+00,1.0000000000e+00,2.2929830580e-17,0.0000000000e+00,0.0000000000e+00,-1.4989391550e-17
6.4000000000e+00,6.4000000000e+00,0.0000000000e+00,-4.7269997020e-16,-2.5625514920e+00,5.3713677300e-27,0.0000000000e+00,0.0000000000e+00,-8.1485502040e-18,1.0000000000e+00,1.0000000000e+00,2.3162688100e-17,0.0000000000e+00,0.0000000000e+00,-1.5046008840e-17
6.4500000000e+00,6.4500000000e+00,0.0000000000e+00,-4.7269997020e-16,-2.5396710290e+00,5.7557463660e-27,0.0000000000e+00,0.0000000000e+00,-8.3662254370e-18,1.0000000000e+00,1.0000000000e+00,2.3407044090e-17,0.0000000000e+00,0.0000000000e+00,-1.5068141500e-17
6.5000000000e+00,6.5000000000e+00,0.0000000000e+00,-4.7269997020e-16,-2.5167696350e+00,6.1686009560e-27,0.0000000000e+00,0.0000000000e+00,-8.5923578260e-18,1.0000000000e+00,1.0000000000e+00,2.3661706920e-17,0.0000000000e+00,0.0000000000e+00,-1.5028743330e-17
6.5500000000e+00,6.5500000000e+00,0.0000000000e+00,-4.7269997020e-16,-2.4938464610e+00,6.5947360460e-27,0.0000000000e+00,0.0000000000e+00,-8.8266593270e-18,1.0000000000e+00,1.0000000000e+00,2.3925975500e-17,0.0000000000e+00,0.0000000000e+00,-1.4842816380e-17
6.6000000000e+00,6.6000000000e+00,0.0000000000e+00,-4.7269997020e-16,-2.4709006020e+00,7.0554711720e-27,0.0000000000e+00,0.0000000000e+00,-9.0779155190e-18,1.0000000000e+00,1.0000000000e+00,2.4204687580e-17,0.0000000000e+00,0.0000000000e+00,-1.4639335930e-17
6.6500000000e+00,6.6500000000e+00,0.0000000000e+00,-4.7269997020e-16,-2.4479310920e+00,7.5490255540e-27,0.0000000000e+00,0.0000000000e+00,-9.3358481540e-18,1.0000000000e+00,1.0000000000e+00,2.4500194430e-17,0.0000000000e+00,0.0000000000e+00,2.0480570970e-16
6.7000000000e+00,6.7000000000e+00,0.0000000000e+00,-4.7269997020e-16,-2.4249369060e+00,8.0791916370e-27,0.0000000000e+00,0.0000000000e+00,-9.6158953960e-18,1.0000000000e+00,1.0000000000e+00,2.4808115290e-17,0.0000000000e+00,0.0000000000e+00,-1.6759749550e-17
6.7500000000e+00,6.7500000000e+00,0.0000000000e+00,-4.7269997020e-16,-2.4019169480e+00,8.6491051180e-27,0.0000000000e+00,0.0000000000e+00,-9.9074744650e-18,1.0000000000e+00,1.0000000000e+00,2.5123651470e-17,0.0000000000e+00,0.0000000000e+00,-1.7894668210e-17
6.8000000000e+00,6.8000000000e+00,0.0000000000e+00,-4.7269997020e-16,-2.3788700530e+00,9.2720737400e-27,0.0000000000e+00,0.0000000000e+00,-1.0219764600e-17,1.0000000000e+00,1.0000000000e+00,2.5436792090e-17,0.0000000000e+00,0.0000000000e+00,-3.6468235520e-17
6.8500000000e+00,6.8500000000e+00,0.0000000000e+00,-4.7269997020e-16,-2.3557949810e+00,9.9354443870e-27,0.0000000000e+00,0.0000000000e+00,-1.0544553040e-17,1.0000000000e+00,1.0000000000e+00,2.5798094760e-17,0.0000000000e+00,0.0000000000e+00,-1.5587905990e-17
6.9000000000e+00,6.9000000000e+00,0.0000000000e+00,-4.7269997020e-16,-2.3326904120e+00,1.0648914950e-26,0.0000000000e+00,0.0000000000e+00,-1.0891899600e-17,1.0000000000e+00,1.0000000000e+00,2.6180063020e-17,0.0000000000e+00,0.0000000000e+00,-1.5287227920e-17
6.9500000000e+00,6.9500000000e+00,0.0000000000e+00,-4.7269997020e-16,-2.3095549400e+00,1.1416735760e-26,0.0000000000e+00,0.0000000000e+00,-1.1268879330e-17,1.0000000000e+00,1.0000000000e+00,2.6583016290e-17,0.0000000000e+00,0.0000000000e+00,-1.5318792090e-17
7.0000000000e+00,7.0000000000e+00,0.0000000000e+00,-4.7269997020e-16,-2.2863870660e+00,1.2243071260e-26,0.0000000000e+00,0.0000000000e+00,-1.1658343150e-17,1.0000000000e+00,1.0000000000e+00,2.7011755760e-17,0.0000000000e+00,0.0000000000e+00,-1.5379332270e-17
7.0500000000e+00,7.0500000000e+00,0.0000000000e+00,-4.7269997020e-16,-2.2631851890e+00,1.3129816320e-26,0.0000000000e+00,0.0000000000e+00,-1.2083574970e-17,1.0000000000e+00,1.0000000000e+00,2.7466454650e-17,0.0000000000e+00,0.0000000000e+00,-1.5409278310e-17
7.1000000000e+00,7.1000000000e+00,0.0000000000e+00,-4.7269997020e-16,-2.2399475970e+00,1.4079564470e-26,0.0000000000e+00,0.0000000000e+00,-1.2530210390e-17,1.0000000000e+00,1.0000000000e+00,2.7949881300e-17,0.0000000000e+00,0.0000000000e+00,-1.5440376820e-17
7.1500000000e+00,7.1500000000e+00,0.0000000000e+00,-4.7269997020e-16,-2.2166724520e+00,1.5094920610e-26,0.0000000000e+00,0.0000000000e+00,-1.3007667460e-17,1.0000000000e+00,1.0000000000e+00,2.8463818980e-17,0.0000000000e+00,0.0000000000e+00,-1.5396404430e-17
7.2000000000e+00,7.2000000000e+00,0.0000000000e+00,-4.7269997020e-16,-2.1933577750e+00,1.6178816060e-26,0.0000000000e+00,0.0000000000e+00,-1.3520330710e-17,1.0000000000e+00,1.0000000000e+00,2.9011100120e-17,0.0000000000e+00,0.0000000000e+00,-1.5944275180e-17
7.2500000000e+00,7.2500000000e+00,0.0000000000e+00,-4.7269997020e-16,-2.1700014330e+00,1.7334323790e-26,0.0000000000e+00,0.0000000000e+00,-1.4073037500e-17,1.0000000000e+00,1.0000000000e+00,2.9595551490e-17,0.0000000000e+00,0.0000000000e+00,-1.5208773480e-17
7.3000000000e+00,7.3000000000e+00,0.0000000000e+00,-4.7269997020e-16,-2.1466011160e+00,1.8594524740e-26,0.0000000000e+00,0.0000000000e+00,-1.4664303040e-17,1.0000000000e+00,1.0000000000e+00,3.0521486140e-17,0.0000000000e+00,0.0000000000e+00,-1.5856581790e-17
7.3500000000e+00,7.3500000000e+00,0.0000000000e+00,-4.7269997020e-16,-2.1231543210e+00,1.9871814330e-26,0.0000000000e+00,0.0000000000e+00,-1.5310651870e-17,1.0000000000e+00,1.0000000000e+00,3.0913870430e-17,0.0000000000e+00,0.0000000000e+00,-1.5549680560e-17
7.4000000000e+00,7.4000000000e+00,0.0000000000e+00,-4.7269997020e-16,-2.0996583300e+00,2.1481903510e-26,0.0000000000e+00,0.0000000000e+00,-1.6001550910e-17,1.0000000000e+00,1.0000000000e+00,3.1662746800e-17,0.0000000000e+00,0.0000000000e+00,-1.4101267290e-17
7.4500000000e+00,7.4500000000e+00,0.0000000000e+00,-4.7269997020e-16,-2.0761101870e+00,2.3231202960e-26,0.0000000000e+00,0.0000000000e+00,-1.6819943830e-17,1.0000000000e+00,1.0000000000e+00,3.2779205770e-17,0.0000000000e+00,0.0000000000e+00,-1.6044462500e-17
7.5000000000e+00,7.5000000000e+00,0.0000000000e+00,-4.7269997020e-16,-2.0525066740e+00,2.5109350870e-26,0.0000000000e+00,0.0000000000e+00,-1.7561464320e-17,1.0000000000e+00,1.0000000000e+00,3.3345179260e-17,0.0000000000e+00,0.0000000000e+00,-1.9337759160e-17
7.5500000000e+00,7.5500000000e+00,0.0000000000e+00,-4.7269997020e-16,-2.0288442850e+00,2.7124854840e-26,0.0000000000e+00,0.0000000000e+00,-1.8451816750e-17,1.0000000000e+00,1.0000000000e+00,3.4294733260e-17,0.0000000000e+00,0.0000000000e+00,-2.3209079510e-17
7.6000000000e+00,7.6000000000e+00,0.0000000000e+00,-4.7269997020e-16,-2.0051191910e+00,2.9307185380e-26,0.0000000000e+00,0.0000000000e+00,-1.9422115950e-17,1.0000000000e+00,1.0000000000e+00,3.5344776420e-17,0.0000000000e+00,0.0000000000e+00,-1.5493756560e-17
7.6500000000e+00,7.6500000000e+00,0.0000000000e+00,-4.7269997020e-16,-1.9813272050e+00,3.1698662310e-26,0.0000000000e+00,0.0000000000e+00,-2.0486992810e-17,1.0000000000e+00,1.0000000000e+00,3.6496864560e-17,0.0000000000e+00,0.0000000000e+00,-1.6019282870e-17
7.7000000000e+00,7.7000000000e+00,0.0000000000e+00,-4.7269997020e-16,-1.9574637270e+00,3.4327785840e-26,0.0000000000e+00,0.0000000000e+00,-2.1720306750e-17,1.0000000000e+00,1.0000000000e+00,3.7753936090e-17,0.0000000000e+00,0.0000000000e+00,3.7810928800e-18
7.7500000000e+00,7.7500000000e+00,0.0000000000e+00,-4.7269997020e-16,-1.9335236820e+00,3.7235258300e-26,0.0000000000e+00,0.0000000000e+00,-2.2953567680e-17,1.0000000000e+00,1.0000000000e+00,3.9099315920e-17,0.0000000000e+00,0.0000000000e+00,-1.6031936020e-17
7.8000000000e+00,7.8000000000e+00,0.0000000000e+00,-4.7269997020e-16,-1.9095014460e+00,4.0468637300e-26,0.0000000000e+00,0.0000000000e+00,-2.4391731580e-17,1.0000000000e+00,1.0000000000e+00,4.0477371010e-17,0.0000000000e+00,0.0000000000e+00,-1.8666041390e-17
7.8500000000e+00,7.8500000000e+00,0.0000000000e+00,-4.7269997020e-16,-1.8853907360e+00,4.4017491780e-26,0.0000000000e+00,0.0000000000e+00,-2.6053491590e-17,1.0000000000e+00,1.0000000000e+00,4.2081816110e-17,0.0000000000e+00,0.0000000000e+00,-1.6054145590e-17
7.9000000000e+00,7.9000000000e+00,0.0000000000e+00,-4.7269997020e-16,-1.8611844980e+00,4.8215366920e-26,0.0000000000e+00,0.0000000000e+00,-2.7801514650e-17,1.0000000000e+00,1.0000000000e+00,4.3955628340e-17,0.0000000000e+00,0.0000000000e+00,-9.8004722130e-18
7.9500000000e+00,7.9500000000e+00,0.0000000000e+00,-4.7269997020e-16,-1.8368747410e+00,5.2905374870e-26,0.0000000000e+00,0.0000000000e+00,-2.9820714540e-17,1.0000000000e+00,1.0000000000e+00,4.6072146330e-17,0.0000000000e+00,0.0000000000e+00,-2.3527232170e-17
8.0000000000e+00,8.0000000000e+00,0.0000000000e+00,-4.7269997020e-16,-1.8124523500e+00,5.8428276360e-26,0.0000000000e+00,0.0000000000e+00,-3.2038505170e-17,1.0000000000e+00,1.0000000000e+00,4.9301819170e-17,0.0000000000e+00,0.0000000000e+00,-1.7263678030e-17
8.0500000000e+00,8.0500000000e+00,0.0000000000e+00,-4.7269997020e-16,-1.7879068530e+00,6.4504873300e-26,0.0000000000e+00,0.0000000000e+00,-3.4710494740e-17,1.0000000000e+00,1.0000000000e+00,5.1152992360e-17,0.0000000000e+00,0.0000000000e+00,-1.7154337540e-17
8.1000000000e+00,8.1000000000e+00,0.0000000000e+00,-4.7269997020e-16,-1.7632261120e+00,7.1830331220e-26,0.0000000000e+00,0.0000000000e+00,-3.7710264280e-17,1.0000000000e+00,1.0000000000e+00,5.4223626330e-17,0.0000000000e+00,0.0000000000e+00,-1.6667704520e-17
8.1500000000e+00,8.1500000000e+00,0.0000000000e+00,-4.7269997020e-16,-1.7383959520e+00,8.0524169120e-26,0.0000000000e+00,0.0000000000e+00,-4.1189481040e-17,1.0000000000e+00,1.0000000000e+00,5.7789898610e-17,0.0000000000e+00,0.0000000000e+00,-1.8534684590e-17
8.2000000000e+00,8.2000000000e+00,0.0000000000e+00,-4.7269997020e-16,-1.7133996600e+00,9.0939714920e-26,0.0000000000e+00,0.0000000000e+00,-4.5274927720e-17,1.0000000000e+00,1.0000000000e+00,6.1944977940e-17,0.0000000000e+00,0.0000000000e+00,-2.4074971450e-17
8.2500000000e+00,8.2500000000e+00,0.0000000000e+00,-4.7269997020e-16,-1.6882173370e+00,1.0352905780e-25,0.0000000000e+00,0.0000000000e+00,-5.0132255780e-17,1.0000000000e+00,1.0000000000e+00,6.6809783010e-17,0.0000000000e+00,0.0000000000e+00,-8.1278633500e-18
8.3000000000e+00,8.3000000000e+00,0.0000000000e+00,-4.7269997020e-16,-1.6628250150e+00,1.1901836070e-25,0.0000000000e+00,0.0000000000e+00,-5.6104102610e-17,1.0000000000e+00,1.0000000000e+00,7.2592996400e-17,0.0000000000e+00,0.0000000000e+00,-1.8671049020e-17
8.3500000000e+00,8.3500000000e+00,0.0000000000e+00,-4.7269997020e-16,-1.6371934310e+00,1.3815947450e-25,0.0000000000e+00,0.0000000000e+00,-6.3291437380e-17,1.0000000000e+00,1.0000000000e+00,7.9524711050e-17,0.0000000000e+00,0.0000000000e+00,-1.4011786770e-17
8.4000000000e+00,8.4000000000e+00,0.0000000000e+00,-4.7269997020e-16,-1.6112862950e+00,1.6216893130e-25,0.0000000000e+00,0.0000000000e+00,-7.2595037830e-17,1.0000000000e+00,1.0000000000e+00,8.8027823610e-17,0.0000000000e+00,0.0000000000e+00,6.9908425000e-17
8.4500000000e+00,8.4500000000e+00,0.0000000000e+00,-4.7269997020e-16,-1.5850577920e+00,1.9296504170e-25,0.0000000000e+00,0.0000000000e+00,-8.0598014070e-17,1.0000000000e+00,1.0000000000e+00,1.0079100520e-16,0.0000000000e+00,0.0000000000e+00,-2.0190501030e-17
8.5000000000e+00,8.5000000000e+00,0.0000000000e+00,-4.7269997020e-16,-1.5584490170e+00,2.3257411540e-25,0.0000000000e+00,0.0000000000e+00,-9.3786337110e-17,1.0000000000e+00,1.0000000000e+00,1.1469660220e-16,0.0000000000e+00,0.0000000000e+00,-2.0901318790e-17
8.5500000000e+00,8.5500000000e+00,0.0000000000e+00,-4.7269997020e-16,-1.5313831520e+00,2.8476228230e-25,0.0000000000e+00,0.0000000000e+00,-1.2902388460e-16,1.0000000000e+00,1.0000000000e+00,1.2902135110e-16,0.0000000000e+00,0.0000000000e+00,-1.9323278830e-17
8.6000000000e+00,8.6000000000e+00,0.0000000000e+00,-4.7269997020e-16,-1.5037600080e+00,3.5675992240e-25,0.0000000000e+00,0.0000000000e+00,-1.3443899670e-16,1.0000000000e+00,1.0000000000e+00,1.5745337610e-16,0.0000000000e+00,0.0000000000e+00,-2.3009839600e-17
8.6500000000e+00,8.6500000000e+00,0.0000000000e+00,-4.7269997020e-16,-1.4754537290e+00,4.5799196110e-25,0.0000000000e+00,0.0000000000e+00,-1.6723290340e-16,1.0000000000e+00,1.0000000000e+00,1.9188250630e-16,0.0000000000e+00,0.0000000000e+00,-2.4643412510e-17
8.7000000000e+00,8.7000000000e+00,0.0000000000e+00,-4.7269997020e-16,-1.4463251780e+00,6.0676611450e-25,0.0000000000e+00,0.0000000000e+00,-2.1518245110e-16,1.0000000000e+00,1.0000000000e+00,2.4214702600e-16,0.0000000000e+00,0.0000000000e+00,-2.7667396000e-17
8.7250000000e+00,8.7250000000e+00,0.0000000000e+00,-4.7269997020e-16,-1.4314162420e+00,7.0790502310e-25,0.0000000000e+00,0.0000000000e+00,-2.5053550870e-16,1.0000000000e+00,1.0000000000e+00,2.7117092950e-16,0.0000000000e+00,0.0000000000e+00,-2.3625764730e-17
8.7500000000e+00,8.7500000000e+00,0.0000000000e+00,-4.7269997020e-16,-1.4162699780e+00,8.3403376280e-25,0.0000000000e+00,0.0000000000e+00,-2.8847846540e-16,1.0000000000e+00,1.0000000000e+00,3.1616087650e-16,0.0000000000e+00,0.0000000000e+00,-3.6718303400e-17
8.8000000000e+00,8.8000000000e+00,0.0000000000e+00,-4.7269997020e-16,-1.3853002810e+00,1.1912530380e-24,0.0000000000e+00,0.0000000000e+00,-4.0171213290e-16,1.0000000000e+00,1.0000000000e+00,4.3734992370e-16,0.0000000000e+00,0.0000000000e+00,-3.5626293370e-17
8.8500000000e+00,8.8500000000e+00,0.0000000000e+00,-4.7269997020e-16,-1.3535896420e+00,1.7597782120e-24,0.0000000000e+00,0.0000000000e+00,-5.8678181810e-16,1.0000000000e+00,1.0000000000e+00,6.1347989120e-16,0.0000000000e+00,0.0000000000e+00,-3.2785341630e-17
8.9000000000e+00,8.9000000000e+00,0.0000000000e+00,-4.7269997020e-16,-1.3213912680e+00,2.6675657100e-24,0.0000000000e+00,0.0000000000e+00,-8.6512370290e-16,1.0000000000e+00,1.0000000000e+00,9.0510377860e-16,0.0000000000e+00,0.0000000000e+00,-3.1870449540e-17
8.9500000000e+00,8.9500000000e+00,0.0000000000e+00,-4.7269997020e-16,-1.2889213810e+00,4.1192402120e-24,0.0000000000e+00,0.0000000000e+00,-1.3122848510e-15,1.0000000000e+00,1.0000000000e+00,1.3808354490e-15,0.0000000000e+00,0.0000000000e+00,-6.8529637260e-17
9.0000000000e+00,9.0000000000e+00,0.0000000000e+00,-4.7269997020e-16,-1.2563145090e+00,6.4491746020e-24,0.0000000000e+00,0.0000000000e+00,-2.0221278880e-15,1.0000000000e+00,1.0000000000e+00,2.1251852930e-15,0.0000000000e+00,0.0000000000e+00,-1.0301465790e-16
9.0500000000e+00,9.0500000000e+00,0.0000000000e+00,-4.7269997020e-16,-1.2236409990e+00,1.0188461970e-23,0.0000000000e+00,0.0000000000e+00,-3.1468400900e-15,1.0000000000e+00,1.0000000000e+00,3.2968002740e-15,0.0000000000e+00,0.0000000000e+00,-1.4988691240e-16
9.0750000000e+00,9.0750000000e+00,0.0000000000e+00,-4.7269997020e-16,-1.2072906370e+00,1.2855279160e-23,0.0000000000e+00,0.0000000000e+00,-4.4339450810e-15,1.0000000000e+00,1.0000000000e+00,4.0982873090e-15,0.0000000000e+00,0.0000000000e+00,-1.8135259330e-16
9.1000000000e+00,9.1000000000e+00,0.0000000000e+00,-4.7269997020e-16,-1.1909345410e+00,1.6260136740e-23,0.0000000000e+00,0.0000000000e+00,-5.0789387810e-15,1.0000000000e+00,1.0000000000e+00,5.1627328180e-15,0.0000000000e+00,0.0000000000e+00,-2.2075669810e-16
9.1500000000e+00,9.1500000000e+00,0.0000000000e+00,-4.7269997020e-16,-1.1582107330e+00,2.6183009690e-23,0.0000000000e+00,0.0000000000e+00,-7.8502238260e-15,1.0000000000e+00,1.0000000000e+00,8.1824282460e-15,0.0000000000e+00,0.0000000000e+00,-3.3203808150e-16
9.2000000000e+00,9.2000000000e+00,0.0000000000e+00,-4.7269997020e-16,-1.1254768000e+00,4.2515281950e-23,0.0000000000e+00,0.0000000000e+00,-1.2560807560e-14,1.0000000000e+00,1.0000000000e+00,1.3068953310e-14,0.0000000000e+00,0.0000000000e+00,-5.0788828450e-16
9.2500000000e+00,9.2500000000e+00,0.0000000000e+00,-4.7269997020e-16,-1.0927362160e+00,6.9548486600e-23,0.0000000000e+00,0.0000000000e+00,-2.0255021810e-14,1.0000000000e+00,1.0000000000e+00,2.1042784750e-14,0.0000000000e+00,0.0000000000e+00,-7.8736528370e-16
9.3000000000e+00,9.3000000000e+00,0.0000000000e+00,-4.7269997020e-16,-1.0599908050e+00,1.1464679050e-22,0.0000000000e+00,0.0000000000e+00,-3.2955298360e-14,1.0000000000e+00,1.0000000000e+00,3.4188946320e-14,0.0000000000e+00,0.0000000000e+00,-1.2354310310e-15
9.3500000000e+00,9.3500000000e+00,0.0000000000e+00,-4.7269997020e-16,-1.0272417290e+00,1.9032466350e-22,0.0000000000e+00,0.0000000000e+00,-5.4107572240e-14,1.0000000000e+00,1.0000000000e+00,5.6064973390e-14,0.0000000000e+00,0.0000000000e+00,-1.9613636410e-15
9.4000000000e+00,9.4000000000e+00,0.0000000000e+00,-4.7269997020e-16,-9.9448987790e-01,3.1799222060e-22,0.0000000000e+00,0.0000000000e+00,-8.9658171230e-14,1.0000000000e+00,1.0000000000e+00,9.2806004750e-14,0.0000000000e+00,0.0000000000e+00,-3.1462872200e-15
9.4500000000e+00,9.4500000000e+00,0.0000000000e+00,-4.7269997020e-16,-9.6173617440e-01,5.3447650320e-22,0.0000000000e+00,0.0000000000e+00,-1.5016261360e-13,1.0000000000e+00,1.0000000000e+00,1.5506437920e-13,0.0000000000e+00,0.0000000000e+00,-5.0959368600e-15
9.5000000000e+00,9.5000000000e+00,0.0000000000e+00,-4.7269997020e-16,-9.2898161470e-01,9.0340824170e-22,0.0000000000e+00,0.0000000000e+00,-2.5340412120e-13,1.0000000000e+00,1.0000000000e+00,2.6150765640e-13,0.0000000000e+00,0.0000000000e+00,-8.3287959630e-15
9.5500000000e+00,9.5500000000e+00,0.0000000000e+00,-4.7269997020e-16,-8.9622780760e-01,1.5374570300e-21,0.0000000000e+00,0.0000000000e+00,-4.3219307010e-13,1.0000000000e+00,1.0000000000e+00,4.4547294200e-13,0.0000000000e+00,0.0000000000e+00,-1.3744853100e-14
9.6000000000e+00,9.6000000000e+00,0.0000000000e+00,-4.7269997020e-16,-8.6347642760e-01,2.6364111690e-21,0.0000000000e+00,0.0000000000e+00,-7.4495256030e-13,1.0000000000e+00,1.0000000000e+00,7.6670954270e-13,0.0000000000e+00,0.0000000000e+00,-2.2904212520e-14
9.6500000000e+00,9.6500000000e+00,0.0000000000e+00,-4.7269997020e-16,-8.3073022230e-01,4.5560496520e-21,0.0000000000e+00,0.0000000000e+00,-1.2970368670e-12,1.0000000000e+00,1.0000000000e+00,1.3327602350e-12,0.0000000000e+00,0.0000000000e+00,-3.8519374290e-14
9.7000000000e+00,9.7000000000e+00,0.0000000000e+00,-4.7269997020e-16,-7.9799301850e-01,7.9356340130e-21,0.0000000000e+00,0.0000000000e+00,-2.2735783830e-12,1.0000000000e+00,1.0000000000e+00,2.3389586380e-12,0.0000000000e+00,0.0000000000e+00,-6.5350848120e-14
9.7500000000e+00,9.7500000000e+00,0.0000000000e+00,-4.7269997020e-16,-7.6527031860e-01,1.3957657490e-20,0.0000000000e+00,0.0000000000e+00,-4.0348781200e-12,1.0000000000e+00,1.0000000000e+00,4.1468210460e-12,0.0000000000e+00,0.0000000000e+00,-1.1189350350e-13
9.8000000000e+00,9.8000000000e+00,0.0000000000e+00,-4.7269997020e-16,-7.3256996710e-01,2.4917132210e-20,0.0000000000e+00,0.0000000000e+00,-7.2089305540e-12,1.0000000000e+00,1.0000000000e+00,7.4016938920e-12,0.0000000000e+00,0.0000000000e+00,-1.9267992300e-13
9.8500000000e+00,9.8500000000e+00,0.0000000000e+00,-4.7269997020e-16,-6.9990290360e-01,4.4700213000e-20,0.0000000000e+00,0.0000000000e+00,-1.2964403930e-11,1.0000000000e+00,1.0000000000e+00,1.3298150890e-11,0.0000000000e+00,0.0000000000e+00,-3.3360555430e-13
9.8750000000e+00,9.8750000000e+00,0.0000000000e+00,-4.7269997020e-16,-6.8358628670e-01,5.9962180990e-20,0.0000000000e+00,0.0000000000e+00,-1.7434545790e-11,1.0000000000e+00,1.0000000000e+00,1.7874748560e-11,0.0000000000e+00,0.0000000000e+00,-4.4001826720e-13
9.9000000000e+00,9.9000000000e+00,0.0000000000e+00,-4.7269997020e-16,-6.6728380960e-01,8.0500593850e-20,0.0000000000e+00,0.0000000000e+00,-2.3490396410e-11,1.0000000000e+00,1.0000000000e+00,2.4071947330e-11,0.0000000000e+00,0.0000000000e+00,-5.8130986640e-13
9.9500000000e+00,9.9500000000e+00,0.0000000000e+00,-4.7269997020e-16,-6.3473126410e-01,1.4519067940e-19,0.0000000000e+00,0.0000000000e+00,-4.2844508600e-11,1.0000000000e+00,1.0000000000e+00,4.3863409440e-11,0.0000000000e+00,0.0000000000e+00,-1.0184884800e-12
1.0000000000e+01,1.0000000000e+01,0.0000000000e+00,-4.7269997020e-16,-6.0226697230e-01,2.6136976890e-19,0.0000000000e+00,0.0000000000e+00,-7.8533913070e-11,1.0000000000e+00,1.0000000000e+00,8.0326057490e-11,0.0000000000e+00,0.0000000000e+00,-1.7914396730e-12
1.0050000000e+01,1.0050000000e+01,0.0000000000e+00,-4.7269997020e-16,-5.6991361500e-01,4.6822076130e-19,0.0000000000e+00,0.0000000000e+00,-1.4444221530e-10,1.0000000000e+00,1.0000000000e+00,1.4760083580e-10,0.0000000000e+00,0.0000000000e+00,-3.1574127850e-12
1.0100000000e+01,1.0100000000e+01,0.0000000000e+00,-4.7269997020e-16,-5.3769195910e-01,8.3293893630e-19,0.0000000000e+00,0.0000000000e+00,-2.6612939850e-10,1.0000000000e+00,1.0000000000e+00,2.7170038150e-10,0.0000000000e+00,0.0000000000e+00,-5.5689065640e-12
1.0150000000e+01,1.0150000000e+01,0.0000000000e+00,-4.7269997020e-16,-5.0561804670e-01,1.4696451720e-18,0.0000000000e+00,0.0000000000e+00,-4.9027847530e-10,1.0000000000e+00,1.0000000000e+00,5.0009301770e-10,0.0000000000e+00,0.0000000000e+00,-9.8109601770e-12
1.0200000000e+01,1.0200000000e+01,0.0000000000e+00,-4.7269997020e-16,-4.7370179050e-01,2.5706277030e-18,0.0000000000e+00,0.0000000000e+00,-9.0136822020e-10,1.0000000000e+00,1.0000000000e+00,9.1860463040e-10,0.0000000000e+00,0.0000000000e+00,-1.7230226700e-11
1.0250000000e+01,1.0250000000e+01,0.0000000000e+00,-4.7269997020e-16,-4.4194725460e-01,4.4615200470e-18,0.0000000000e+00,0.0000000000e+00,-1.6521458930e-09,1.0000000000e+00,1.0000000000e+00,1.6822611230e-09,0.0000000000e+00,0.0000000000e+00,-3.0113744430e-11
1.0300000000e+01,1.0300000000e+01,0.0000000000e+00,-4.7269997020e-16,-4.1035403660e-01,7.6741069770e-18,0.0000000000e+00,0.0000000000e+00,-3.0099430230e-09,1.0000000000e+00,1.0000000000e+00,3.0623259290e-09,0.0000000000e+00,0.0000000000e+00,-5.2365235180e-11
1.0350000000e+01,1.0350000000e+01,0.0000000000e+00,-4.7269997020e-16,-3.7891872920e-01,1.3086210030e-17,0.0000000000e+00,0.0000000000e+00,-5.4441442790e-09,1.0000000000e+00,1.0000000000e+00,5.5342262710e-09,0.0000000000e+00,0.0000000000e+00,-9.0061316790e-11
1.0400000000e+01,1.0400000000e+01,0.0000000000e+00,-4.7269997020e-16,-3.4763563220e-01,2.2127718620e-17,0.0000000000e+00,0.0000000000e+00,-9.7648717640e-09,1.0000000000e+00,1.0000000000e+00,9.9190230360e-09,0.0000000000e+00,0.0000000000e+00,-1.5410223250e-10
1.0450000000e+01,1.0450000000e+01,0.0000000000e+00,-4.7269997020e-16,-3.1649614640e-01,3.7035099030e-17,0.0000000000e+00,0.0000000000e+00,-1.7323635680e-08,1.0000000000e+00,1.0000000000e+00,1.7583804570e-08,0.0000000000e+00,0.0000000000e+00,-2.6008840950e-10
1.0500000000e+01,1.0500000000e+01,0.0000000000e+00,-4.7269997020e-16,-2.8548675110e-01,6.0955883990e-17,0.0000000000e+00,0.0000000000e+00,-3.0189241230e-08,1.0000000000e+00,1.0000000000e+00,3.0620263830e-08,0.0000000000e+00,0.0000000000e+00,-4.3089325610e-10
1.0550000000e+01,1.0550000000e+01,0.0000000000e+00,-4.7269997020e-16,-2.5458592590e-01,9.7609897990e-17,0.0000000000e+00,0.0000000000e+00,-5.1135250700e-08,1.0000000000e+00,1.0000000000e+00,5.1828867740e-08,0.0000000000e+00,0.0000000000e+00,-6.9341511870e-10
1.0600000000e+01,1.0600000000e+01,0.0000000000e+00,-4.7269997020e-16,-2.2375665340e-01,1.5100626440e-16,0.0000000000e+00,0.0000000000e+00,-8.3640379800e-08,1.0000000000e+00,1.0000000000e+00,8.4717632150e-08,0.0000000000e+00,0.0000000000e+00,-1.0769482280e-09
1.0650000000e+01,1.0650000000e+01,0.0000000000e+00,-4.7269997020e-16,-1.9293976150e-01,2.2342398390e-16,0.0000000000e+00,0.0000000000e+00,-1.3091300750e-07,1.0000000000e+00,1.0000000000e+00,1.3251305220e-07,0.0000000000e+00,0.0000000000e+00,-1.5996058370e-09
1.0700000000e+01,1.0700000000e+01,0.0000000000e+00,-4.7269997020e-16,-1.6205010480e-01,3.1280868020e-16,0.0000000000e+00,0.0000000000e+00,-1.9428980060e-07,1.0000000000e+00,1.0000000000e+00,1.9654145770e-07,0.0000000000e+00,0.0000000000e+00,-2.2510565160e-09
1.0750000000e+01,1.0750000000e+01,0.0000000000e+00,-4.7269997020e-16,-1.3098341440e-01,4.1085437650e-16,0.0000000000e+00,0.0000000000e+00,-2.7166023190e-07,1.0000000000e+00,1.0000000000e+00,2.7464154640e-07,0.0000000000e+00,0.0000000000e+00,-2.9805408060e-09
1.0800000000e+01,1.0800000000e+01,0.0000000000e+00,-4.7269997020e-16,-9.9639972710e-02,5.0405452980e-16,0.0000000000e+00,0.0000000000e+00,-3.5740680860e-07,1.0000000000e+00,1.0000000000e+00,3.6111313670e-07,0.0000000000e+00,0.0000000000e+00,-3.7053954620e-09
1.0850000000e+01,1.0850000000e+01,0.0000000000e+00,-4.7269997020e-16,-6.7958554670e-02,5.8272942600e-16,0.0000000000e+00,0.0000000000e+00,-4.4456023670e-07,1.0000000000e+00,1.0000000000e+00,4.4890330160e-07,0.0000000000e+00,0.0000000000e+00,-4.3419998100e-09
1.0900000000e+01,1.0900000000e+01,0.0000000000e+00,-4.7269997020e-16,-3.5936583790e-02,6.3187622110e-16,0.0000000000e+00,0.0000000000e+00,-5.2766961170e-07,1.0000000000e+00,1.0000000000e+00,5.3250796600e-07,0.0000000000e+00,0.0000000000e+00,-4.8371814320e-09
1.0950000000e+01,1.0950000000e+01,0.0000000000e+00,-4.7269997020e-16,-3.6169742500e-03,6.4573919500e-16,0.0000000000e+00,0.0000000000e+00,-6.0419233090e-07,1.0000000000e+00,1.0000000000e+00,6.0937082280e-07,0.0000000000e+00,0.0000000000e+00,-5.1772768710e-09
1.1000000000e+01,1.1000000000e+01,0.0000000000e+00,-4.7269997020e-16,2.8935752000e-02,6.2645992320e-16,0.0000000000e+00,0.0000000000e+00,-6.7379548420e-07,1.0000000000e+00,1.0000000000e+00,6.7917113140e-07,0.0000000000e+00,0.0000000000e+00,-5.3744263810e-09
1.1050000000e+01,1.1050000000e+01,0.0000000000e+00,-4.7269997020e-16,6.1674305840e-02,5.8074739810e-16,0.0000000000e+00,0.0000000000e+00,-7.3660270230e-07,1.0000000000e+00,1.0000000000e+00,7.4204975660e-07,0.0000000000e+00,0.0000000000e+00,-5.4458538700e-09
1.1100000000e+01,1.1100000000e+01,0.0000000000e+00,-4.7269997020e-16,9.4548671240e-02,5.1937641580e-16,0.0000000000e+00,0.0000000000e+00,-7.9366261720e-07,1.0000000000e+00,1.0000000000e+00,7.9907958360e-07,0.0000000000e+00,0.0000000000e+00,-5.4158047840e-09
1.1150000000e+01,1.1150000000e+01,0.0000000000e+00,-4.7269997020e-16,1.2751181340e-01,4.4940194640e-16,0.0000000000e+00,0.0000000000e+00,-8.4649632740e-07,1.0000000000e+00,1.0000000000e+00,8.5180681620e-07,0.0000000000e+00,0.0000000000e+00,-5.3093785660e-09
1.1200000000e+01,1.1200000000e+01,0.0000000000e+00,-4.7269997020e-16,1.6052086330e-01,3.7828698170e-16,0.0000000000e+00,0.0000000000e+00,-8.9686304180e-07,1.0000000000e+00,1.0000000000e+00,9.0201402540e-07,0.0000000000e+00,0.0000000000e+00,-5.1499325650e-09
1.1250000000e+01,1.1250000000e+01,0.0000000000e+00,-4.7269997020e-16,1.9354876390e-01,3.1111256090e-16,0.0000000000e+00,0.0000000000e+00,-9.4592110030e-07,1.0000000000e+00,1.0000000000e+00,9.5087598830e-07,0.0000000000e+00,0.0000000000e+00,-4.9539000080e-09
1.1300000000e+01,1.1300000000e+01,0.0000000000e+00,-4.7269997020e-16,2.2657722410e-01,2.5091323890e-16,0.0000000000e+00,0.0000000000e+00,-9.9448286460e-07,1.0000000000e+00,1.0000000000e+00,9.9921795590e-07,0.0000000000e+00,0.0000000000e+00,-4.7341678970e-09
1.1350000000e+01,1.1350000000e+01,0.0000000000e+00,-4.7269997020e-16,2.5959612990e-01,1.9904809720e-16,0.0000000000e+00,0.0000000000e+00,-1.0429576740e-06,1.0000000000e+00,1.0000000000e+00,1.0474588990e-06,0.0000000000e+00,0.0000000000e+00,-4.5003662810e-09
1.1400000000e+01,1.1400000000e+01,0.0000000000e+00,-4.7269997020e-16,2.9259788730e-01,1.5574235950e-16,0.0000000000e+00,0.0000000000e+00,-1.0916415250e-06,1.0000000000e+00,1.0000000000e+00,1.0959033870e-06,0.0000000000e+00,0.0000000000e+00,-4.2610674090e-09
1.1450000000e+01,1.1450000000e+01,0.0000000000e+00,-4.7269997020e-16,3.2557834440e-01,1.2047845550e-16,0.0000000000e+00,0.0000000000e+00,-1.1406109500e-06,1.0000000000e+00,1.0000000000e+00,1.1446354400e-06,0.0000000000e+00,0.0000000000e+00,-4.0237572750e-09
1.1500000000e+01,1.1500000000e+01,0.0000000000e+00,-4.7269997020e-16,3.5853506310e-01,9.2355937050e-17,0.0000000000e+00,0.0000000000e+00,-1.1897883960e-06,1.0000000000e+00,1.0000000000e+00,1.1935838450e-06,0.0000000000e+00,0.0000000000e+00,-3.7947778610e-09
1.1550000000e+01,1.1550000000e+01,0.0000000000e+00,-4.7269997020e-16,3.9146509320e-01,7.0331982410e-17,0.0000000000e+00,0.0000000000e+00,-1.2390521210e-06,1.0000000000e+00,1.0000000000e+00,1.2426329010e-06,0.0000000000e+00,0.0000000000e+00,-3.5801657600e-09
1.1600000000e+01,1.1600000000e+01,0.0000000000e+00,-4.7269997020e-16,4.2436490100e-01,5.3373131560e-17,0.0000000000e+00,0.0000000000e+00,-1.2882165950e-06,1.0000000000e+00,1.0000000000e+00,1.2916029410e-06,0.0000000000e+00,0.0000000000e+00,-3.3857883160e-09
1.1650000000e+01,1.1650000000e+01,0.0000000000e+00,-4.7269997020e-16,4.5722985290e-01,4.0581874450e-17,0.0000000000e+00,0.0000000000e+00,-1.3370348270e-06,1.0000000000e+00,1.0000000000e+00,1.3402531310e-06,0.0000000000e+00,0.0000000000e+00,-3.2177986780e-09
1.1700000000e+01,1.1700000000e+01,0.0000000000e+00,-4.7269997020e-16,4.9005047960e-01,3.1280218180e-17,0.0000000000e+00,0.0000000000e+00,-1.3854545830e-06,1.0000000000e+00,1.0000000000e+00,1.3885365560e-06,0.0000000000e+00,0.0000000000e+00,-3.0815164840e-09
1.1750000000e+01,1.1750000000e+01,0.0000000000e+00,-4.7269997020e-16,5.2281557090e-01,2.5079316060e-17,0.0000000000e+00,0.0000000000e+00,-1.4334194800e-06,1.0000000000e+00,1.0000000000e+00,1.4364019330e-06,0.0000000000e+00,0.0000000000e+00,-2.9820429190e-09
1.1800000000e+01,1.1800000000e+01,0.0000000000e+00,-4.7269997020e-16,5.5551380570e-01,2.1970455760e-17,0.0000000000e+00,0.0000000000e+00,-1.4807905390e-06,1.0000000000e+00,1.0000000000e+00,1.4837144090e-06,0.0000000000e+00,0.0000000000e+00,-2.9234998690e-09
1.1850000000e+01,1.1850000000e+01,0.0000000000e+00,-4.7269997020e-16,5.8812963030e-01,2.2434944890e-17,0.0000000000e+00,0.0000000000e+00,-1.5277046790e-06,1.0000000000e+00,1.0000000000e+00,1.5306151260e-06,0.0000000000e+00,0.0000000000e+00,-2.9101135370e-09
1.1900000000e+01,1.1900000000e+01,0.0000000000e+00,-4.7269997020e-16,6.2064801210e-01,2.7570891080e-17,0.0000000000e+00,0.0000000000e+00,-1.5742824080e-06,1.0000000000e+00,1.0000000000e+00,1.5772275000e-06,0.0000000000e+00,0.0000000000e+00,-2.9447911850e-09
1.1950000000e+01,1.1950000000e+01,0.0000000000e+00,-4.7269997020e-16,6.5305580420e-01,3.9266356470e-17,0.0000000000e+00,0.0000000000e+00,-1.6205598880e-06,1.0000000000e+00,1.0000000000e+00,1.6235897950e-06,0.0000000000e+00,0.0000000000e+00,-3.0296329680e-09
1.2000000000e+01,1.2000000000e+01,0.0000000000e+00,-4.7269997020e-16,6.8534140210e-01,6.0418236120e-17,0.0000000000e+00,0.0000000000e+00,-1.6665357170e-06,1.0000000000e+00,1.0000000000e+00,1.6697023320e-06,0.0000000000e+00,0.0000000000e+00,-3.1663635030e-09
